message,label
"Your account is blocked. Share your OTP.",RED
"Urgent! Click here to claim your prize.",ORANGE
"Congratulations! You won a lottery. Pay a fee to receive your prize.",ORANGE
"Send your bank details immediately to avoid account suspension.",RED
"Your package is arriving tomorrow.",GREEN
"Hello, how are you?",GREEN
"Verify your bank account using this link immediately.",RED
"Limited time offer! Click here for a special discount.",ORANGE
"Can we meet for lunch today?",GREEN
"Share your password to unlock your account.",RED
"Your electricity bill is due next week.",GREEN
"You have won a prize. Claim it now!",ORANGE
"Apna OTP mujhe bhejo, tumhara account block ho jayega",RED
"Bijli ka bill jama karne ke liye yahan click karo, warna connection kat jayega",ORANGE
"Namaste, kal milte hain",GREEN
"Badhaai ho, aapne lottery jeeti hai, inaam pane ke liye paise bhejein",ORANGE
"Apna bank password share karo",RED
"Turant link kholo aur apna account verify karo",ORANGE
"Apne dost ko mera phone number bhej dena",GREEN
"Bank account bachane ke liye apna OTP share karo",RED
"Your KYC will expire today. Update your details now.",RED
"Congratulations! You have been selected for a free vacation.",ORANGE
"Please call me when you reach home.",GREEN
"Your bank account will be frozen. Send your OTP to prevent this.",RED
"Click this link to receive your free shopping voucher.",ORANGE
"Mom, I will be home by 8 PM.",GREEN
"Apna ATM PIN bhejo, warna account band ho jayega.",RED
"Aaj recharge par special cashback mil raha hai, link kholo.",ORANGE
"Kal subah office kitne baje jaana hai?",GREEN
"Your account has suspicious activity. Confirm your password immediately.",RED
"Send the verification code to avoid your bank account being locked.",RED
"Apna OTP batao, main tumhara refund process kar deta hoon.",RED
"Your debit card will be blocked. Share your PIN to reactivate it.",RED
"Electricity connection will be disconnected today. Pay using this link.",ORANGE
"You have won a lucky draw. Pay a small processing fee to claim your reward.",ORANGE
"Limited offer! Get a free smartphone by registering now.",ORANGE
"Your parcel is held at customs. Click here to release it.",ORANGE
"Your friend has shared a document with you. Open this link.",ORANGE
"Claim your exclusive bonus before midnight.",ORANGE
"Please bring some vegetables while coming home.",GREEN
"I will send you the notes after class.",GREEN
"Are we still meeting at the coffee shop?",GREEN
"The train is scheduled to arrive at 5 PM.",GREEN
"Please check whether the kitchen light is switched off.",GREEN
"Happy birthday! Have a wonderful day.",GREEN
"I have submitted the assignment today.",GREEN
"The weather looks pleasant this evening.",GREEN
"Please remind me about tomorrow's appointment.",GREEN
"Bank account verification ke liye apna password aur OTP bhejo.",RED
"Your SIM card will stop working. Share your Aadhaar and OTP.",RED
"Apna bank details bhejo, warna payment cancel ho jayega.",RED
"Congratulations, you are today's lucky winner. Claim your gift now!",ORANGE
"Click here to get a free data recharge for your phone.",ORANGE
"Your delivery is delayed. Pay a small fee to reschedule it.",ORANGE
"Special investment opportunity! Double your money in seven days.",ORANGE
"Kal shaam ko park mein milte hain.",GREEN
"Papa, main school se ghar aa gaya hoon.",GREEN
"Your bank account is at risk. Share your OTP to secure it.",RED
"Apna password bhejo, warna tumhara account deactivate ho jayega.",RED
"Send your card PIN now to prevent your account from being blocked.",RED
"Please send me the meeting notes.",GREEN
"I will reach home in ten minutes.",GREEN
"Happy birthday! I hope you have a great day.",GREEN
"Can you send me the photo from yesterday?",GREEN
"Mom, I am leaving for school now.",GREEN
"Please call me when you are free.",GREEN
"I will share the homework with you tonight.",GREEN
"Your appointment is confirmed for Monday.",GREEN
"We are planning a family dinner this weekend.",GREEN
"Send me a message when you arrive safely.",GREEN
"Your friend sent you money. Check your account balance.",GREEN
"I received your payment. Thank you!",GREEN
"I transferred the money for our lunch.",GREEN
"Your bank statement is available for download.",GREEN
"Your salary has been credited to your account.",GREEN
